{
  "hash": "eb1b63cd",
  "configHash": "f22043e2",
  "lockfileHash": "ed66d489",
  "browserHash": "d35dfeca",
  "optimized": {
    "@angular/common": {
      "src": "../../../../../../node_modules/@angular/common/fesm2022/common.mjs",
      "file": "@angular_common.js",
      "fileHash": "f6507f50",
      "needsInterop": false
    },
    "@angular/core": {
      "src": "../../../../../../node_modules/@angular/core/fesm2022/core.mjs",
      "file": "@angular_core.js",
      "fileHash": "a5582e5f",
      "needsInterop": false
    },
    "@angular/forms": {
      "src": "../../../../../../node_modules/@angular/forms/fesm2022/forms.mjs",
      "file": "@angular_forms.js",
      "fileHash": "9cd5abe9",
      "needsInterop": false
    },
    "@angular/platform-browser": {
      "src": "../../../../../../node_modules/@angular/platform-browser/fesm2022/platform-browser.mjs",
      "file": "@angular_platform-browser.js",
      "fileHash": "424c15ef",
      "needsInterop": false
    },
    "@angular/router": {
      "src": "../../../../../../node_modules/@angular/router/fesm2022/router.mjs",
      "file": "@angular_router.js",
      "fileHash": "ad6ea7da",
      "needsInterop": false
    }
  },
  "chunks": {
    "chunk-W6WUHRVI": {
      "file": "chunk-W6WUHRVI.js"
    },
    "chunk-4APXE4ZX": {
      "file": "chunk-4APXE4ZX.js"
    },
    "chunk-LEHRZ7IK": {
      "file": "chunk-LEHRZ7IK.js"
    }
  }
}